dataset,mean_duracion_min
Divvy_Trips_2018_Q4,8.101842863999625
Divvy_Trips_2019_Q1,7.887021560015516
Divvy_Trips_2019_Q2,8.683997179474375
Divvy_Trips_2019_Q3,8.958475182078468
Divvy_Trips_2019_Q4,8.185410272053678
Divvy_Trips_2020_Q1,22.12124993165718
